team,score
centre_for_eresearch_02,0.581306187174929
centre_for_eresearch_01,0.5882863968749312
k_wilson,1.2418820096790633
chris_love_amy,6.249893287874266
test_submission_linreg,11.75058776137676
test_submission,34.303358932906285
pablo_higuera,124.9114197621896
